id,prompt,answer
0122d53a,"In Alice's Wonderland, numbers are secretly converted into a different numeral system. Some examples are given below:
93 -> XCIII
20 -> XX
74 -> LXXIV
20 -> XX
Now, write the number 51 in the Wonderland numeral system.",LI
0201e198,"In Alice's Wonderland, a secret bit manipulation rule transforms 8-bit binary numbers. The transformation involves operations like bit shifts, rotations, XOR, AND, OR, NOT, and possibly majority or choice functions.

Here are some examples of input -> output:
01010111 -> 10111010
11100010 -> 00010111
00111100 -> 11100001
00001110 -> 01110000
10000111 -> 00111100
10111000 -> 11000101
10100110 -> 00110101
00101110 -> 01110001
01011001 -> 11001010

Now, determine the output for: 10111110",11110101
03dc4d0c,"In Alice's Wonderland, the gravitational constant has been secretly changed. Here are some example observations:
For t = 1.92s, distance = 26.32 m
For t = 4.47s, distance = 142.63 m
For t = 3.16s, distance = 71.28 m
For t = 4.87s, distance = 169.3 m
Now, determine the falling distance for t = 4.59s given d = 0.5*g*t^2.",150.4
03fba6b6,"In Alice's Wonderland, secret encryption rules are used on text. Here are some examples:
uissth pvvp hwuybkw ginixv -> rabbit sees through palace
hbuhnv vdgnyuvp phyur -> turtle explores story
jtoiuq qtpxyevup xiphnv -> wizard discovers castle
Now, decrypt the following text: intxv jihxwvp gyhtym",alice watches potion
05d90bdf,"In Alice's Wonderland, secret encryption rules are used on text. Here are some examples:
kxz yavgzw godyaw pkugczp -> the golden dragon studies
mcwy qdkhxzp kxz pzhozk szppdyz -> king watches the secret message
fuzzw hozdkzp hdpkvz -> queen creates castle
kxz yavgzw hdk gozdsp -> the golden cat dreams
Now, decrypt the following text: mcwy qockzp cwpcgz sauwkdcw",king writes inside mountain
07d1cd39,"In Alice's Wonderland, a secret bit manipulation rule transforms 8-bit binary numbers. The transformation involves operations like bit shifts, rotations, XOR, AND, OR, NOT, and possibly majority or choice functions.

Here are some examples of input -> output:
10000011 -> 01101000
01010010 -> 01000101
00100001 -> 00100010
11100000 -> 00001110
11000000 -> 00001100
11001111 -> 11101100
11110001 -> 00101111
11101010 -> 01001110

Now, determine the output for: 00001110",11000000
07d61ec8,"In Alice's Wonderland, a secret bit manipulation rule transforms 8-bit binary numbers. The transformation involves operations like bit shifts, rotations, XOR, AND, OR, NOT, and possibly majority or choice functions.

Here are some examples of input -> output:
10111101 -> 01111111
11011001 -> 00111110
00001010 -> 11000011
01011001 -> 00111111
11110001 -> 11111100
11111011 -> 11111110
10110001 -> 01111100
10100110 -> 00101011
11011110 -> 00111111

Now, determine the output for: 01100011",10111101
09a4e845,"In Alice's Wonderland, a secret unit conversion is applied to measurements. For example:
31.57 m becomes 51.89
35.27 m becomes 57.97
48.85 m becomes 80.29
22.53 m becomes 37.03
12.83 m becomes 21.09
Now, convert the following measurement: 38.6 m",63.44
0aa2c5bf,"In Alice's Wonderland, numbers are secretly converted into a different numeral system. Some examples are given below:
59 -> LIX
12 -> XII
25 -> XXV
Now, write the number 4 in the Wonderland numeral system.",IV
0cb88778,"In Alice's Wonderland, a secret bit manipulation rule transforms 8-bit binary numbers. The transformation involves operations like bit shifts, rotations, XOR, AND, OR, NOT, and possibly majority or choice functions.

Here are some examples of input -> output:
00101100 -> 10000101
00100100 -> 10000100
10110000 -> 00010110
11011111 -> 00111011
11010111 -> 00111010
11111101 -> 10111111
10010011 -> 00110010
01001001 -> 00101001
01000110 -> 01001000
10110010 -> 01010110

Now, determine the output for: 10000111",00110000
0ddca8bf,"In Alice's Wonderland, a secret bit manipulation rule transforms 8-bit binary numbers. The transformation involves operations like bit shifts, rotations, XOR, AND, OR, NOT, and possibly majority or choice functions.

Here are some examples of input -> output:
01011110 -> 00000001
10010111 -> 00000010
11000100 -> 00000011
00100011 -> 00000000
11001111 -> 00000011
01110110 -> 00000001
11110011 -> 00000011

Now, determine the output for: 01000001",00000001
0e5b7624,"In Alice's Wonderland, a secret unit conversion is applied to measurements. For example:
33.81 m becomes 18.40
25.86 m becomes 14.07
11.56 m becomes 6.29
28.32 m becomes 15.41
23.27 m becomes 12.66
Now, convert the following measurement: 20.15 m",10.96
1029ef5a,"In Alice's Wonderland, the gravitational constant has been secretly changed. Here are some example observations:
For t = 2.31s, distance = 47.1 m
For t = 2.86s, distance = 72.2 m
For t = 3.61s, distance = 115.04 m
For t = 2.73s, distance = 65.79 m
For t = 2.02s, distance = 36.02 m
Now, determine the falling distance for t = 1.94s given d = 0.5*g*t^2.",33.22
12d4a2df,"In Alice's Wonderland, a secret set of transformation rules is applied to equations. Below are a few examples:
27-99 = -72
72+71 = 7172
81*83 = 486
86*15 = 8643
Now, determine the result for: 68-08",-6
14a31439,"In Alice's Wonderland, secret encryption rules are used on text. Here are some examples:
jfklio wtzbhiwr lvhew plrcbw -> wizard explores above castle
cuw olim jfklio wtzbhiwr -> the dark wizard explores
zifgpwrr rwwr cuw rcilgqw yfiihi -> princess sees the strange mirror
Now, decrypt the following text: rcaowgc jifcwr lihago chjwi",student writes around tower
1564de32,"In Alice's Wonderland, numbers are secretly converted into a different numeral system. Some examples are given below:
65 -> LXV
38 -> XXXVIII
17 -> XVII
Now, write the number 8 in the Wonderland numeral system.",VIII
157228d7,"In Alice's Wonderland, a secret set of transformation rules is applied to equations. Below are a few examples:
28<40 = 69
82<68 = 151
28*78 = *50
Now, determine the result for: 50*15",35
1785b78c,"In Alice's Wonderland, numbers are secretly converted into a different numeral system. Some examples are given below:
57 -> LVII
46 -> XLVI
3 -> III
14 -> XIV
Now, write the number 54 in the Wonderland numeral system.",LIV
1ab54795,"In Alice's Wonderland, a secret set of transformation rules is applied to equations. Below are a few examples:
//-:( = -\
':-'% = -'|
||*|/ = |/||
(/-'| = (%
({*'# = '#({
Now, determine the result for: (|-\|",%
1e6792e6,"In Alice's Wonderland, a secret unit conversion is applied to measurements. For example:
40.4 m becomes 25.40
10.9 m becomes 6.85
25.54 m becomes 16.06
Now, convert the following measurement: 48.19 m",30.30
1ef25240,"In Alice's Wonderland, the gravitational constant has been secretly changed. Here are some example observations:
For t = 1.96s, distance = 19.2 m
For t = 1.54s, distance = 11.85 m
For t = 4.5s, distance = 101.21 m
For t = 2.52s, distance = 31.74 m
For t = 3.52s, distance = 61.93 m
Now, determine the falling distance for t = 2.89s given d = 0.5*g*t^2.",41.74
1f04fa8d,"In Alice's Wonderland, the gravitational constant has been secretly changed. Here are some example observations:
For t = 3.01s, distance = 86.74 m
For t = 2.83s, distance = 76.67 m
For t = 3.24s, distance = 100.5 m
Now, determine the falling distance for t = 4.24s given d = 0.5*g*t^2.",172.11
1fcdff78,"In Alice's Wonderland, the gravitational constant has been secretly changed. Here are some example observations:
For t = 2.59s, distance = 17.42 m
For t = 2.66s, distance = 18.38 m
For t = 4.1s, distance = 43.66 m
Now, determine the falling distance for t = 3.28s given d = 0.5*g*t^2.",27.94
21b173bd,"In Alice's Wonderland, a secret unit conversion is applied to measurements. For example:
27.37 m becomes 16.50
5.85 m becomes 3.53
12.15 m becomes 7.33
6.61 m becomes 3.99
44.05 m becomes 26.56
Now, convert the following measurement: 6.74 m",4.06
22a82f3f,"In Alice's Wonderland, a secret unit conversion is applied to measurements. For example:
6.12 m becomes 8.02
34.65 m becomes 45.40
33.06 m becomes 43.32
Now, convert the following measurement: 9.39 m",12.30
24b1872e,"In Alice's Wonderland, numbers are secretly converted into a different numeral system. Some examples are given below:
84 -> LXXXIV
15 -> XV
88 -> LXXXVIII
84 -> LXXXIV
Now, write the number 25 in the Wonderland numeral system.",XXV
25e5f165,"In Alice's Wonderland, secret encryption rules are used on text. Here are some examples:
ahobmhg xgfahi ryys -> teacher writes book
sflk dfibyqhgi iaygc -> king discovers story
moaahg bghoahi flifdh ybhol -> hatter creates inside ocean
ahobmhg zyvld amh kypdhl dyyg -> teacher found the golden door
amh kypdhl rfgd xoabmhi -> the golden bird watches
Now, decrypt the following text: ahobmhg bghoahi iaygc",teacher creates story
25e89624,"In Alice's Wonderland, a secret set of transformation rules is applied to equations. Below are a few examples:
<\-)| = -![
$$-)/ = ->
!$*\! = >)$[
Now, determine the result for: >)+\|","[""$"
26dbd20d,"In Alice's Wonderland, a secret set of transformation rules is applied to equations. Below are a few examples:
48*39 = 2187
29+11 = 1129
94*19 = 9544
Now, determine the result for: 55*68",0374
2894ae33,"In Alice's Wonderland, the gravitational constant has been secretly changed. Here are some example observations:
For t = 1.34s, distance = 6.54 m
For t = 4.68s, distance = 79.77 m
For t = 1.56s, distance = 8.86 m
Now, determine the falling distance for t = 4.17s given d = 0.5*g*t^2.",63.33
289ed2c5,"In Alice's Wonderland, a secret unit conversion is applied to measurements. For example:
20.19 m becomes 34.55
8.75 m becomes 14.97
16.29 m becomes 27.88
41.51 m becomes 71.04
Now, convert the following measurement: 14.25 m",24.39
29c5f854,"In Alice's Wonderland, the gravitational constant has been secretly changed. Here are some example observations:
For t = 4.4s, distance = 123.42 m
For t = 4.7s, distance = 140.82 m
For t = 3.39s, distance = 73.26 m
For t = 3.81s, distance = 92.54 m
Now, determine the falling distance for t = 2.87s given d = 0.5*g*t^2.",52.51
2af7134e,"In Alice's Wonderland, a secret set of transformation rules is applied to equations. Below are a few examples:
13+14 = 1
92+33 = 59
95}54 = 9554
56+21 = 35
Now, determine the result for: 61+41",20
2b16044a,"In Alice's Wonderland, a secret bit manipulation rule transforms 8-bit binary numbers. The transformation involves operations like bit shifts, rotations, XOR, AND, OR, NOT, and possibly majority or choice functions.

Here are some examples of input -> output:
01001001 -> 01101100
01010101 -> 10000010
01010100 -> 10001010
10000001 -> 01001000
00011000 -> 11001100
11011111 -> 10010111
11011110 -> 10011111
11010111 -> 11010011
00001010 -> 01010101

Now, determine the output for: 11001111",00011111
2bd7896f,"In Alice's Wonderland, a secret unit conversion is applied to measurements. For example:
8.14 m becomes 10.41
5.09 m becomes 6.51
25.4 m becomes 32.49
Now, convert the following measurement: 40.65 m",52.00
2bdf114f,"In Alice's Wonderland, the gravitational constant has been secretly changed. Here are some example observations:
For t = 3.19s, distance = 79.9 m
For t = 2.04s, distance = 32.68 m
For t = 4.88s, distance = 186.98 m
For t = 4.68s, distance = 171.97 m
Now, determine the falling distance for t = 1.96s given d = 0.5*g*t^2.",30.16
2bf76506,"In Alice's Wonderland, a secret unit conversion is applied to measurements. For example:
37.1 m becomes 29.13
9.4 m becomes 7.38
24.17 m becomes 18.98
20.48 m becomes 16.08
22.57 m becomes 17.72
Now, convert the following measurement: 48.2 m",37.85
2dd48cac,"In Alice's Wonderland, a secret set of transformation rules is applied to equations. Below are a few examples:
04*31 = 125
53-01 = -52
43*91 = 746
66+11 = 77
Now, determine the result for: 22-27",-05
2f0041de,"In Alice's Wonderland, the gravitational constant has been secretly changed. Here are some example observations:
For t = 4.31s, distance = 50.52 m
For t = 2.86s, distance = 22.25 m
For t = 2.45s, distance = 16.32 m
Now, determine the falling distance for t = 2.84s given d = 0.5*g*t^2.",21.94
2fc9fc75,"In Alice's Wonderland, a secret bit manipulation rule transforms 8-bit binary numbers. The transformation involves operations like bit shifts, rotations, XOR, AND, OR, NOT, and possibly majority or choice functions.

Here are some examples of input -> output:
11011000 -> 10000001
10111111 -> 11111010
01001010 -> 00000000
00010001 -> 00000000
11000101 -> 00001000
00011000 -> 10000000
01100101 -> 00000000
01011101 -> 11000001
00000111 -> 00110000

Now, determine the output for: 01001001",00000000
31063a4d,"In Alice's Wonderland, a secret bit manipulation rule transforms 8-bit binary numbers. The transformation involves operations like bit shifts, rotations, XOR, AND, OR, NOT, and possibly majority or choice functions.

Here are some examples of input -> output:
11111011 -> 00110111
10001110 -> 00000001
11101101 -> 00011011
11111001 -> 00110011
00010111 -> 00000100
00110011 -> 00000100
11001111 -> 00010011
00101010 -> 00000000

Now, determine the output for: 01100000",00000000
312e2579,"In Alice's Wonderland, numbers are secretly converted into a different numeral system. Some examples are given below:
23 -> XXIII
63 -> LXIII
54 -> LIV
41 -> XLI
70 -> LXX
Now, write the number 20 in the Wonderland numeral system.",XX
31adea79,"In Alice's Wonderland, a secret unit conversion is applied to measurements. For example:
37.82 m becomes 24.19
41.57 m becomes 26.59
27.38 m becomes 17.51
Now, convert the following measurement: 29.77 m",19.04
31d2b597,"In Alice's Wonderland, secret encryption rules are used on text. Here are some examples:
qgf ifjhfq hnoodq iqtldfi -> the secret rabbit studies
qgf lnhb nsdjf fpmsxhfi -> the dark alice explores
mhdrjfii dunkdrfi ofvxrl jniqsf -> princess imagines beyond castle
jnq lhnai udhhxh -> cat draws mirror
lhnkxr ahdqfi qgf kxslfr iqxhv -> dragon writes the golden story
Now, decrypt the following text: lhnkxr iqtldfi ofvxrl disnrl",dragon studies beyond island
327cb428,"In Alice's Wonderland, the gravitational constant has been secretly changed. Here are some example observations:
For t = 3.03s, distance = 25.78 m
For t = 1.27s, distance = 4.53 m
For t = 1.18s, distance = 3.91 m
Now, determine the falling distance for t = 4.65s given d = 0.5*g*t^2.",60.72
335fa8ce,"In Alice's Wonderland, a secret unit conversion is applied to measurements. For example:
44.53 m becomes 76.71
19.02 m becomes 32.77
34.19 m becomes 58.90
44.98 m becomes 77.49
38.48 m becomes 66.29
Now, convert the following measurement: 36.36 m",62.64
34390bf1,"In Alice's Wonderland, the gravitational constant has been secretly changed. Here are some example observations:
For t = 4.9s, distance = 200.63 m
For t = 1.43s, distance = 17.09 m
For t = 4.98s, distance = 207.24 m
For t = 1.52s, distance = 19.31 m
For t = 1.96s, distance = 32.1 m
Now, determine the falling distance for t = 1.89s given d = 0.5*g*t^2.",29.85
35514214,"In Alice's Wonderland, numbers are secretly converted into a different numeral system. Some examples are given below:
60 -> LX
37 -> XXXVII
76 -> LXXVI
54 -> LIV
Now, write the number 38 in the Wonderland numeral system.",XXXVIII
361cfce9,"In Alice's Wonderland, secret encryption rules are used on text. Here are some examples:
kjb idmubdk qvbbd esitr -> the ancient queen draws
agvrb rbbr ksbirvsb -> mouse sees treasure
sinnuk ygffgtr aih -> rabbit follows map
jikkbs rbbr kjb mfbwbs mirkfb -> hatter sees the clever castle
Now, decrypt the following text: esicgd esitr kjb turb aussgs",dragon draws the wise mirror
36eab3e6,"In Alice's Wonderland, numbers are secretly converted into a different numeral system. Some examples are given below:
85 -> LXXXV
27 -> XXVII
9 -> IX
Now, write the number 83 in the Wonderland numeral system.",LXXXIII
37148c4b,"In Alice's Wonderland, the gravitational constant has been secretly changed. Here are some example observations:
For t = 4.64s, distance = 104.62 m
For t = 1.14s, distance = 6.32 m
For t = 2.69s, distance = 35.16 m
For t = 2.01s, distance = 19.63 m
For t = 4.69s, distance = 106.88 m
Now, determine the falling distance for t = 1.67s given d = 0.5*g*t^2.",13.55
371c5e74,"In Alice's Wonderland, secret encryption rules are used on text. Here are some examples:
vzj vxszjsf nsffzcs -> cat creates message
pokc fjbgosf jts toggsk gwwx -> king studies the hidden door
qohzxg gofvwusxf bkgsx wvszk -> wizard discovers under ocean
Now, decrypt the following text: qohzxg rwllwqf rwxsfj",wizard follows forest
3a3f05d5,"In Alice's Wonderland, a secret bit manipulation rule transforms 8-bit binary numbers. The transformation involves operations like bit shifts, rotations, XOR, AND, OR, NOT, and possibly majority or choice functions.

Here are some examples of input -> output:
10110111 -> 00011011
00101100 -> 00010110
01100100 -> 00110010
00011010 -> 00001101
11111010 -> 01111101
10011000 -> 01001100
10100111 -> 00010011

Now, determine the output for: 10111011",00011101
3bfa64a7,"In Alice's Wonderland, secret encryption rules are used on text. Here are some examples:
tslc rynzknj kynzjfyn -> king creates treasure
usizya uzkrbnj kbn bsaanl mfiixn -> wizard watches the hidden puzzle
yzoosk aynzej ryhjkzx -> rabbit dreams crystal
knzrbny aynzej lnzy evflkzsl -> teacher dreams near mountain
Now, decrypt the following text: jkfanlk npmxvynj sl gsxxzcn",student explores in village
3e4fdced,"In Alice's Wonderland, the gravitational constant has been secretly changed. Here are some example observations:
For t = 1.11s, distance = 9.57 m
For t = 2.95s, distance = 67.6 m
For t = 3.74s, distance = 108.66 m
For t = 1.18s, distance = 10.82 m
For t = 1.79s, distance = 24.89 m
Now, determine the falling distance for t = 3.2s given d = 0.5*g*t^2.",79.55
40700056,"In Alice's Wonderland, secret encryption rules are used on text. Here are some examples:
mrvw zkavl yfu brqsug naooqu -> king found the silver puzzle
yfu byghvwu irohgl zkqqkib -> the strange wizard follows
yfu frlluv yagyqu jfhbub -> the hidden turtle chases
tauuv byalrub xkkm -> queen studies book
Now, decrypt the following text: hqrju lghib jhbyqu",alice draws castle
4179c322,"In Alice's Wonderland, a secret set of transformation rules is applied to equations. Below are a few examples:
56*15 = 5133
04*28 = 0823
73*85 = 6412
24-65 = -41
76+06 = 0676
Now, determine the result for: 15-75",-6
4245e455,"In Alice's Wonderland, a secret set of transformation rules is applied to equations. Below are a few examples:
98-22 = -76
34+43 = 87
66-43 = -23
45-35 = -1
39-49 = -1
Now, determine the result for: 49-56",-92
4265fac8,"In Alice's Wonderland, the gravitational constant has been secretly changed. Here are some example observations:
For t = 1.88s, distance = 9.09 m
For t = 3.57s, distance = 32.76 m
For t = 3.9s, distance = 39.1 m
Now, determine the falling distance for t = 2.07s given d = 0.5*g*t^2.",11.01
444ca75d,"In Alice's Wonderland, numbers are secretly converted into a different numeral system. Some examples are given below:
1 -> I
47 -> XLVII
12 -> XII
35 -> XXXV
Now, write the number 32 in the Wonderland numeral system.",XXXII
44e22bad,"In Alice's Wonderland, numbers are secretly converted into a different numeral system. Some examples are given below:
88 -> LXXXVIII
14 -> XIV
20 -> XX
Now, write the number 88 in the Wonderland numeral system.",LXXXVIII
45ae41c8,"In Alice's Wonderland, a secret bit manipulation rule transforms 8-bit binary numbers. The transformation involves operations like bit shifts, rotations, XOR, AND, OR, NOT, and possibly majority or choice functions.

Here are some examples of input -> output:
00001100 -> 00111011
01110000 -> 11011111
01101010 -> 01111010
11101111 -> 11001011
01011111 -> 10110111
11110001 -> 00101111
00101101 -> 10111011
00011011 -> 11000110
11100101 -> 01101101
10100100 -> 11101101

Now, determine the output for: 11000110",11011101
4684abe0,"In Alice's Wonderland, a secret set of transformation rules is applied to equations. Below are a few examples:
06*88 = 1825
26*35 = 7823
61+53 = 5361
Now, determine the result for: 74-86",-12
468bf9fc,"In Alice's Wonderland, a secret set of transformation rules is applied to equations. Below are a few examples:
!!-`? = %\
&&->% = \?
>?-}? = >
:%-|` = &?
Now, determine the result for: !!+:!",>!%
46b69bca,"In Alice's Wonderland, a secret unit conversion is applied to measurements. For example:
15.93 m becomes 8.72
27.9 m becomes 15.27
35.53 m becomes 19.44
48.69 m becomes 26.65
43.28 m becomes 23.69
Now, convert the following measurement: 48.88 m",26.75
47720c17,"In Alice's Wonderland, a secret bit manipulation rule transforms 8-bit binary numbers. The transformation involves operations like bit shifts, rotations, XOR, AND, OR, NOT, and possibly majority or choice functions.

Here are some examples of input -> output:
10011111 -> 11100111
10110001 -> 10101100
01001000 -> 01111011
01101000 -> 01111011
10000111 -> 01100111
01010001 -> 10111110
10010111 -> 01100111
00101010 -> 11011111

Now, determine the output for: 00011011",10001110
4789fb9c,"In Alice's Wonderland, the gravitational constant has been secretly changed. Here are some example observations:
For t = 2.7s, distance = 65.82 m
For t = 2.06s, distance = 38.31 m
For t = 1.35s, distance = 16.45 m
For t = 4.1s, distance = 151.77 m
For t = 4.58s, distance = 189.39 m
Now, determine the falling distance for t = 1.89s given d = 0.5*g*t^2.",32.25
47bf2d74,"In Alice's Wonderland, numbers are secretly converted into a different numeral system. Some examples are given below:
83 -> LXXXIII
84 -> LXXXIV
49 -> XLIX
Now, write the number 90 in the Wonderland numeral system.",XC
494e04ae,"In Alice's Wonderland, a secret bit manipulation rule transforms 8-bit binary numbers. The transformation involves operations like bit shifts, rotations, XOR, AND, OR, NOT, and possibly majority or choice functions.

Here are some examples of input -> output:
01111001 -> 11110001
00101111 -> 01011111
00011100 -> 00111000
00000010 -> 00000100
11100100 -> 11001111
11010011 -> 10100000
00110011 -> 01100111
00011010 -> 00110100
10100011 -> 01000011
00010001 -> 00100010

Now, determine the output for: 01100010",11000111
4a30dd44,"In Alice's Wonderland, secret encryption rules are used on text. Here are some examples:
ipc pdbbcl mfoodi tfiupcw -> the hidden rabbit watches
fxduc tmdicw bnnm -> alice writes door
ipc unxnmkhx jdlv dqfvdlcw -> the colorful king imagines
Now, decrypt the following text: mfoodi upfwcw rhzzxc",rabbit chases puzzle
4b52b575,"In Alice's Wonderland, a secret bit manipulation rule transforms 8-bit binary numbers. The transformation involves operations like bit shifts, rotations, XOR, AND, OR, NOT, and possibly majority or choice functions.

Here are some examples of input -> output:
10100001 -> 10000000
10100100 -> 00000010
01011101 -> 10000100
10000110 -> 00000000
01000011 -> 10000000
00111101 -> 10000010
00110100 -> 00000010

Now, determine the output for: 01101011",10000100
4cf5c6c2,"In Alice's Wonderland, numbers are secretly converted into a different numeral system. Some examples are given below:
26 -> XXVI
88 -> LXXXVIII
73 -> LXXIII
37 -> XXXVII
80 -> LXXX
Now, write the number 34 in the Wonderland numeral system.",XXXIV
4d20d5c5,"In Alice's Wonderland, a secret bit manipulation rule transforms 8-bit binary numbers. The transformation involves operations like bit shifts, rotations, XOR, AND, OR, NOT, and possibly majority or choice functions.

Here are some examples of input -> output:
10101100 -> 01001001
11010110 -> 10100101
00110111 -> 00100010
11011010 -> 10010101
11011000 -> 10010001
10110110 -> 00100101
00100011 -> 01000010
01111110 -> 00000100
10001111 -> 00000011

Now, determine the output for: 11110100",00101001
4d583fd7,"In Alice's Wonderland, a secret bit manipulation rule transforms 8-bit binary numbers. The transformation involves operations like bit shifts, rotations, XOR, AND, OR, NOT, and possibly majority or choice functions.

Here are some examples of input -> output:
00111000 -> 11111100
11000001 -> 01100100
01001010 -> 00001101
01110001 -> 11111100
00100011 -> 10011101
11000010 -> 01101001
00110000 -> 11011000

Now, determine the output for: 00001110",00111111
4ed6b56f,"In Alice's Wonderland, a secret set of transformation rules is applied to equations. Below are a few examples:
`'+:' = (`]
]:*}> = !""(/
:}*:' = :/(/
>]-(( = '!
Now, determine the result for: !:*`(","(""/"""
50c0b6f8,"In Alice's Wonderland, a secret set of transformation rules is applied to equations. Below are a few examples:
39+04 = 331
67*67 = 6767
21*56 = 5621
94+28 = 131
26-76 = 5
Now, determine the result for: 96+06",921
50d4b49a,"In Alice's Wonderland, numbers are secretly converted into a different numeral system. Some examples are given below:
75 -> LXXV
68 -> LXVIII
64 -> LXIV
Now, write the number 37 in the Wonderland numeral system.",XXXVII
51309101,"In Alice's Wonderland, numbers are secretly converted into a different numeral system. Some examples are given below:
17 -> XVII
68 -> LXVIII
6 -> VI
30 -> XXX
75 -> LXXV
Now, write the number 100 in the Wonderland numeral system.",C
518244f1,"In Alice's Wonderland, secret encryption rules are used on text. Here are some examples:
xlojrlg ywobyalh xrl tyhl qlk -> teacher imagines the wise key
xrl hyivlg jox mfiifth -> the silver cat follows
wfnhl hllh xrgfnbr xftlg -> mouse sees through tower
xrl bfizla oiyjl toxjrlh -> the golden alice watches
Now, decrypt the following text: jox zglowh effq",cat dreams book
524cb5c6,"In Alice's Wonderland, a secret set of transformation rules is applied to equations. Below are a few examples:
$?:>` = $?>`
\<:\` = \<\`
\{@)? = @$)
{`:?> = {`?>
Now, determine the result for: $>:>\",$>>\
5434ef33,"In Alice's Wonderland, numbers are secretly converted into a different numeral system. Some examples are given below:
78 -> LXXVIII
50 -> L
9 -> IX
Now, write the number 95 in the Wonderland numeral system.",XCV
551e93e7,"In Alice's Wonderland, a secret bit manipulation rule transforms 8-bit binary numbers. The transformation involves operations like bit shifts, rotations, XOR, AND, OR, NOT, and possibly majority or choice functions.

Here are some examples of input -> output:
11100101 -> 00001000
01011000 -> 00000100
00001111 -> 00000000
00010101 -> 00000001
11011100 -> 00000101
00010000 -> 00000000
10111110 -> 00001011
00100101 -> 00000000
11101111 -> 00001010
01001011 -> 00000000

Now, determine the output for: 00000111",00000000
55e5d36e,"In Alice's Wonderland, numbers are secretly converted into a different numeral system. Some examples are given below:
45 -> XLV
46 -> XLVI
47 -> XLVII
8 -> VIII
91 -> XCI
Now, write the number 69 in the Wonderland numeral system.",LXIX
5626b254,"In Alice's Wonderland, secret encryption rules are used on text. Here are some examples:
vfqvgk tnlydbkql nx gnwqiqe -> turtle discovers in library
oqnxykll tqkial yqelvig -> princess dreams crystal
sivvkq qkitl nx gnwqiqe -> hatter reads in library
Now, decrypt the following text: vkiyskq lkkl yqelvig",teacher sees crystal
57e45624,"In Alice's Wonderland, numbers are secretly converted into a different numeral system. Some examples are given below:
12 -> XII
45 -> XLV
97 -> XCVII
67 -> LXVII
2 -> II
Now, write the number 5 in the Wonderland numeral system.",V
58f6b6a7,"In Alice's Wonderland, the gravitational constant has been secretly changed. Here are some example observations:
For t = 4.62s, distance = 207.57 m
For t = 4.32s, distance = 181.49 m
For t = 4.05s, distance = 159.51 m
For t = 1.75s, distance = 29.78 m
Now, determine the falling distance for t = 1.27s given d = 0.5*g*t^2.",15.68
59733f94,"In Alice's Wonderland, a secret set of transformation rules is applied to equations. Below are a few examples:
>#*{^ = {?#$
[?-^# = -#[
:>-/$ = -}>
[>*#[ = #$/
$[-#^ = ->#
Now, determine the result for: $/->/",/
5a1179ee,"In Alice's Wonderland, a secret bit manipulation rule transforms 8-bit binary numbers. The transformation involves operations like bit shifts, rotations, XOR, AND, OR, NOT, and possibly majority or choice functions.

Here are some examples of input -> output:
00000011 -> 10000000
11111010 -> 00000111
00110011 -> 10000001
11111110 -> 00000111
11000011 -> 10000110
01110110 -> 00000011
00011100 -> 00000000
00110010 -> 00000001

Now, determine the output for: 10111001",10000101
5ad35676,"In Alice's Wonderland, the gravitational constant has been secretly changed. Here are some example observations:
For t = 1.66s, distance = 24.2 m
For t = 1.99s, distance = 34.78 m
For t = 3.42s, distance = 102.72 m
For t = 2.7s, distance = 64.02 m
Now, determine the falling distance for t = 4.37s given d = 0.5*g*t^2.",167.71
5c2b41b7,"In Alice's Wonderland, secret encryption rules are used on text. Here are some examples:
osilgsa ziolgsb bokaf -> teacher watches story
xcpvgo puivpcsb pcbpqs npmmivs -> knight imagines inside village
ogs bpmnsa bowqsco asiqb -> the silver student reads
ogs gpqqsc twssc qasiub -> the hidden queen dreams
Now, decrypt the following text: xcpvgo qasiub oasibwas",knight dreams treasure
5e67b1a1,"In Alice's Wonderland, a secret set of transformation rules is applied to equations. Below are a few examples:
93{16 = 001
18}99 = 9108
99{97 = 871
11<35 = 24<
Now, determine the result for: 32{31",63
5e710448,"In Alice's Wonderland, a secret unit conversion is applied to measurements. For example:
5.27 m becomes 5.65
44.14 m becomes 47.33
8.15 m becomes 8.74
13.66 m becomes 14.65
33.55 m becomes 35.97
Now, convert the following measurement: 13.26 m",14.22
5e84cf1a,"In Alice's Wonderland, secret encryption rules are used on text. Here are some examples:
qdavbh arsvadyc nypkdf oanxsxp -> knight imagines beyond library
soaiy xysfc ixpchso -> alice reads crystal
hby fsxq soaiy facikgyxc -> the dark alice discovers
soaiy arsvadyc edfyx hklyx -> alice imagines under tower
Now, decrypt the following text: mxadiycc yjmokxyc mkhakd",princess explores potion
5f9f0ed7,"In Alice's Wonderland, a secret set of transformation rules is applied to equations. Below are a few examples:
@/*`/ = }`]`
@]+}/ = }|
/]-[| = ->>
}!*@` = }`@]
[>*[] = @`!}
Now, determine the result for: |!*@[",}/!}
6098a712,"In Alice's Wonderland, a secret unit conversion is applied to measurements. For example:
42.21 m becomes 43.31
17.77 m becomes 18.23
39.6 m becomes 40.63
13.36 m becomes 13.71
Now, convert the following measurement: 44.78 m",45.94
61bb90d5,"In Alice's Wonderland, secret encryption rules are used on text. Here are some examples:
iqjzbhq zgixtobei wetjhz agnewem -> student discovers around library
kghv iqjzgbi hbwe agnewem -> king studies near library
kghv zebwui qcetjvc qtpbe -> king dreams through tower
xwq pwqxcbi qcb xjegtji ltebiq -> cat watches the curious forest
Now, decrypt the following text: qbwxcbe zgixtobei gh owaabm",teacher discovers in valley
629b09d1,"In Alice's Wonderland, a secret bit manipulation rule transforms 8-bit binary numbers. The transformation involves operations like bit shifts, rotations, XOR, AND, OR, NOT, and possibly majority or choice functions.

Here are some examples of input -> output:
10011110 -> 01001111
00110111 -> 10011011
00000011 -> 10000001
01011101 -> 10101110
10111011 -> 11011101
01011011 -> 10101101
01001000 -> 00100100
11110111 -> 11111011
01110110 -> 00111011
01100110 -> 00110011

Now, determine the output for: 01110100",00111010
63874dd5,"In Alice's Wonderland, a secret bit manipulation rule transforms 8-bit binary numbers. The transformation involves operations like bit shifts, rotations, XOR, AND, OR, NOT, and possibly majority or choice functions.

Here are some examples of input -> output:
00100111 -> 01001111
10010001 -> 00100110
00000101 -> 00001010
01000010 -> 10000110
01000001 -> 10000000
11000100 -> 10001110
11110010 -> 11100011

Now, determine the output for: 10001111",00011010
648e2da2,"In Alice's Wonderland, a secret set of transformation rules is applied to equations. Below are a few examples:
84-33 = 51
67*35 = 8204
02*81 = 063
Now, determine the result for: 34+88",031
65691fc9,"In Alice's Wonderland, a secret unit conversion is applied to measurements. For example:
27.57 m becomes 42.71
48.75 m becomes 75.52
20.84 m becomes 32.28
11.27 m becomes 17.46
46.32 m becomes 71.75
Now, convert the following measurement: 35.04 m",54.28
66d1e998,"In Alice's Wonderland, the gravitational constant has been secretly changed. Here are some example observations:
For t = 4.96s, distance = 61.37 m
For t = 3.26s, distance = 26.51 m
For t = 4.17s, distance = 43.38 m
Now, determine the falling distance for t = 4.83s given d = 0.5*g*t^2.",58.2
677055ae,"In Alice's Wonderland, a secret unit conversion is applied to measurements. For example:
43.13 m becomes 23.31
38.17 m becomes 20.63
35.46 m becomes 19.17
5.94 m becomes 3.21
36.6 m becomes 19.78
Now, convert the following measurement: 46.38 m",25.07
68168aab,"In Alice's Wonderland, numbers are secretly converted into a different numeral system. Some examples are given below:
12 -> XII
84 -> LXXXIV
65 -> LXV
51 -> LI
93 -> XCIII
Now, write the number 3 in the Wonderland numeral system.",III
693caf69,"In Alice's Wonderland, a secret unit conversion is applied to measurements. For example:
38.4 m becomes 23.96
31.68 m becomes 19.77
38.52 m becomes 24.04
32.11 m becomes 20.04
Now, convert the following measurement: 19.59 m",12.22
6a635e3e,"In Alice's Wonderland, a secret bit manipulation rule transforms 8-bit binary numbers. The transformation involves operations like bit shifts, rotations, XOR, AND, OR, NOT, and possibly majority or choice functions.

Here are some examples of input -> output:
10100100 -> 11011010
01101101 -> 11010110
10100001 -> 10111010
01011100 -> 00011101
01111100 -> 00011111
11100010 -> 01101110
01100100 -> 11011110
00100010 -> 01101110

Now, determine the output for: 11110111",10001111
6a933284,"In Alice's Wonderland, a secret bit manipulation rule transforms 8-bit binary numbers. The transformation involves operations like bit shifts, rotations, XOR, AND, OR, NOT, and possibly majority or choice functions.

Here are some examples of input -> output:
11011100 -> 10001111
00110011 -> 01101010
11100001 -> 11111010
01100001 -> 11011010
00111110 -> 01110011
00001000 -> 00010010
01000111 -> 10011111

Now, determine the output for: 00010100",00101101
6de4855a,"In Alice's Wonderland, a secret set of transformation rules is applied to equations. Below are a few examples:
)!-') = {{
""^*("" = |\{
((-!! = ||
\|+)^ = {""|
!""*|# = #!){
Now, determine the result for: )'+'(",{|^
6deb3d5e,"In Alice's Wonderland, a secret bit manipulation rule transforms 8-bit binary numbers. The transformation involves operations like bit shifts, rotations, XOR, AND, OR, NOT, and possibly majority or choice functions.

Here are some examples of input -> output:
10110010 -> 00110110
01000110 -> 01101000
01101111 -> 11111101
11111111 -> 11101111
01100100 -> 01001100
10001000 -> 10010001
00011111 -> 11110011
00001001 -> 10010001
00100100 -> 01000100
10111001 -> 10000111

Now, determine the output for: 10011101",11000011
70f08eac,"In Alice's Wonderland, a secret bit manipulation rule transforms 8-bit binary numbers. The transformation involves operations like bit shifts, rotations, XOR, AND, OR, NOT, and possibly majority or choice functions.

Here are some examples of input -> output:
11111111 -> 11000000
10110110 -> 01000110
01011011 -> 10100011
01100100 -> 01011111
00110010 -> 00101111
11011001 -> 10101011
00100100 -> 01001011
00000100 -> 01000001
11101011 -> 10000100

Now, determine the output for: 11010110",01011000
713fa624,"In Alice's Wonderland, numbers are secretly converted into a different numeral system. Some examples are given below:
99 -> XCIX
9 -> IX
86 -> LXXXVI
3 -> III
67 -> LXVII
Now, write the number 2 in the Wonderland numeral system.",II
71c5f412,"In Alice's Wonderland, a secret unit conversion is applied to measurements. For example:
43.3 m becomes 63.30
26.06 m becomes 38.10
13.68 m becomes 20.00
Now, convert the following measurement: 45.02 m",65.82
72ffb208,"In Alice's Wonderland, a secret bit manipulation rule transforms 8-bit binary numbers. The transformation involves operations like bit shifts, rotations, XOR, AND, OR, NOT, and possibly majority or choice functions.

Here are some examples of input -> output:
00100010 -> 00000100
00101110 -> 00000100
10000111 -> 00000000
11001010 -> 00010001
00000110 -> 00000000
00001000 -> 00000000
00011101 -> 00000010
01100010 -> 00000100
11000110 -> 00001000

Now, determine the output for: 01011100",00001000
73cb93e8,"In Alice's Wonderland, secret encryption rules are used on text. Here are some examples:
kqootf bqfsyhv fyh vfkqglh xqe -> rabbit watches the strange map
fyh btvh sqf nmpgd -> the wise cat found
vfpdhgf bktfhv fyh dqki lqkdhg -> student writes the dark garden
kqootf bqfsyhv fyh vtruhk xtkkmk -> rabbit watches the silver mirror
Now, decrypt the following text: yqffhk dtvsmuhkv qkmpgd bmgdhkrqgd",hatter discovers around wonderland
75cd54d8,"In Alice's Wonderland, a secret bit manipulation rule transforms 8-bit binary numbers. The transformation involves operations like bit shifts, rotations, XOR, AND, OR, NOT, and possibly majority or choice functions.

Here are some examples of input -> output:
00001001 -> 01000000
10111001 -> 01001011
10011110 -> 10001001
01011100 -> 00000101
01101101 -> 01000110
10101110 -> 10001010
11111000 -> 00001111
01100010 -> 10000110
01110011 -> 11000111

Now, determine the output for: 01000110",10000100
77bf2bee,"In Alice's Wonderland, secret encryption rules are used on text. Here are some examples:
qmppfy rwjbn ygc xwzncb dmt -> rabbit found the golden map
ygc ewzwqrjz hfkmqn fdmxfbci -> the colorful wizard imagines
sfbx fdmxfbci tjkkzc -> king imagines puzzle
ljccb nfiewocqi ygc pqfxgy iceqcy -> queen discovers the bright secret
tqfbecii fdmxfbci ygc ifzocq twyfwb -> princess imagines the silver potion
Now, decrypt the following text: qmppfy nfiewocqi xmqncb",rabbit discovers garden
78f78c8e,"In Alice's Wonderland, numbers are secretly converted into a different numeral system. Some examples are given below:
60 -> LX
3 -> III
71 -> LXXI
20 -> XX
57 -> LVII
Now, write the number 16 in the Wonderland numeral system.",XVI
7900ca32,"In Alice's Wonderland, a secret unit conversion is applied to measurements. For example:
47.29 m becomes 88.72
33.13 m becomes 62.16
27.22 m becomes 51.07
Now, convert the following measurement: 13.27 m",24.90
7a17137f,"In Alice's Wonderland, a secret set of transformation rules is applied to equations. Below are a few examples:
##+#@ = `%\
?{-\` = @>
%`*'? = {\>\
%`->` = ->
Now, determine the result for: %>*`\",{{&
7ae13c98,"In Alice's Wonderland, a secret unit conversion is applied to measurements. For example:
42.05 m becomes 76.14
6.71 m becomes 12.15
44.66 m becomes 80.87
46.47 m becomes 84.15
43.71 m becomes 79.15
Now, convert the following measurement: 30.48 m",55.19
7c0eafc7,"In Alice's Wonderland, a secret unit conversion is applied to measurements. For example:
35.96 m becomes 30.91
47.41 m becomes 40.75
27.37 m becomes 23.53
26.47 m becomes 22.75
Now, convert the following measurement: 12.97 m",11.15
7c206ce2,"In Alice's Wonderland, a secret bit manipulation rule transforms 8-bit binary numbers. The transformation involves operations like bit shifts, rotations, XOR, AND, OR, NOT, and possibly majority or choice functions.

Here are some examples of input -> output:
11011000 -> 00000000
11100110 -> 00000000
01100111 -> 10000000
10011101 -> 10000000
10111010 -> 00000000
11010110 -> 00000000
11010000 -> 00000000
00100110 -> 00000000
01101001 -> 00000000
01110100 -> 00000000

Now, determine the output for: 01110011",00000000
7ee39525,"In Alice's Wonderland, the gravitational constant has been secretly changed. Here are some example observations:
For t = 4.82s, distance = 178.73 m
For t = 4.99s, distance = 191.56 m
For t = 4.06s, distance = 126.81 m
Now, determine the falling distance for t = 4.35s given d = 0.5*g*t^2.",145.57
7f0346b6,"In Alice's Wonderland, a secret unit conversion is applied to measurements. For example:
12.61 m becomes 13.82
29.76 m becomes 32.61
33.84 m becomes 37.08
35.42 m becomes 38.81
Now, convert the following measurement: 49.53 m",54.27
7f1d4034,"In Alice's Wonderland, secret encryption rules are used on text. Here are some examples:
wgdfku akqlyl cdbbhb -> knight chases mirror
bqttdu sbyqcl thhw -> rabbit dreams book
wdgf zquakyl dgldsy mqrryv -> king watches inside valley
uebury xhrrhzl uky sqbw abvluqr -> turtle follows the dark crystal
Now, decrypt the following text: bqttdu sbyqcl shhb",rabbit dreams door
7fcfe0db,"In Alice's Wonderland, numbers are secretly converted into a different numeral system. Some examples are given below:
52 -> LII
15 -> XV
85 -> LXXXV
12 -> XII
46 -> XLVI
Now, write the number 92 in the Wonderland numeral system.",XCII
7fec1d14,"In Alice's Wonderland, a secret bit manipulation rule transforms 8-bit binary numbers. The transformation involves operations like bit shifts, rotations, XOR, AND, OR, NOT, and possibly majority or choice functions.

Here are some examples of input -> output:
11111001 -> 01110011
11111011 -> 11100011
10010100 -> 01011011
01011100 -> 00011101
01111110 -> 10001101
10011100 -> 00011011
10011011 -> 11100011
11000101 -> 10010011

Now, determine the output for: 10101010",00101010
80baa02a,"In Alice's Wonderland, secret encryption rules are used on text. Here are some examples:
wzjwak bjkowku wgk ukbjkw pkt -> turtle creates the secret key
szkkn xiubvrkju inuixk cojxkn -> queen discovers inside garden
bow bgouku wgjvzcg lvnxkjaonx -> cat chases through wonderland
wgk onbiknw oaibk xjkoeu -> the ancient alice dreams
oaibk ukku nkoj cojxkn -> alice sees near garden
Now, decrypt the following text: uwzxknw lowbgku ofvrk aifjojt",student watches above library
80d1ffd0,"In Alice's Wonderland, secret encryption rules are used on text. Here are some examples:
udg mvdqmbzj gyeapqy udjgnz -> cat imagines through castle
gyz idew cembuzjj mvdqmbzj -> the dark princess imagines
gyz idew edoomg iezdvj -> the dark rabbit dreams
udg xdguyzj vmeeae -> cat watches mirror
edoomg iedxj gyz upemapj cpkknz -> rabbit draws the curious puzzle
Now, decrypt the following text: wbmqyg jgpimzj gyeapqy nmoedet",knight studies through library
82a50e8b,"In Alice's Wonderland, a secret unit conversion is applied to measurements. For example:
45.24 m becomes 76.38
26.54 m becomes 44.81
42.32 m becomes 71.45
10.33 m becomes 17.44
Now, convert the following measurement: 48.49 m",81.86
845e726e,"In Alice's Wonderland, a secret set of transformation rules is applied to equations. Below are a few examples:
66-39 = 72
61+41 = 03
65+18 = 731
72*34 = 3472
78-82 = 3
Now, determine the result for: 67+47",051
846176af,"In Alice's Wonderland, a secret bit manipulation rule transforms 8-bit binary numbers. The transformation involves operations like bit shifts, rotations, XOR, AND, OR, NOT, and possibly majority or choice functions.

Here are some examples of input -> output:
10111011 -> 10000000
11010100 -> 00000000
01111011 -> 10000000
11101111 -> 11000000
00110011 -> 00000000
00001000 -> 00000000
11100010 -> 00000000
01100001 -> 00000000

Now, determine the output for: 01100111",01000000
846e47e4,"In Alice's Wonderland, numbers are secretly converted into a different numeral system. Some examples are given below:
33 -> XXXIII
62 -> LXII
36 -> XXXVI
97 -> XCVII
41 -> XLI
Now, write the number 33 in the Wonderland numeral system.",XXXIII
849b4524,"In Alice's Wonderland, secret encryption rules are used on text. Here are some examples:
mse ntytjqxy zwjl ljepka -> the colorful bird dreams
spmmej amxlwea wiawle waypil -> hatter studies inside island
mepnsej ljepka pjtxil ywzjpjr -> teacher dreams around library
Now, decrypt the following text: ktxae fpmnsea mjepaxje",mouse watches treasure
865eab39,"In Alice's Wonderland, a secret set of transformation rules is applied to equations. Below are a few examples:
#`*>' = |>>#
|'-:% = %>
$""->$ = `
!%+""% = %""
:!+!> = !$%
Now, determine the result for: >'-:""",#$
874fb96a,"In Alice's Wonderland, a secret unit conversion is applied to measurements. For example:
46.5 m becomes 36.30
8.64 m becomes 6.74
8.2 m becomes 6.40
47.86 m becomes 37.36
Now, convert the following measurement: 17.37 m",13.56
87df28a6,"In Alice's Wonderland, the gravitational constant has been secretly changed. Here are some example observations:
For t = 2.98s, distance = 25.42 m
For t = 4.9s, distance = 68.73 m
For t = 2.42s, distance = 16.76 m
Now, determine the falling distance for t = 2.13s given d = 0.5*g*t^2.",12.99
8860525a,"In Alice's Wonderland, a secret unit conversion is applied to measurements. For example:
41.23 m becomes 78.87
15.35 m becomes 29.36
49.98 m becomes 95.61
Now, convert the following measurement: 16.84 m",32.21
89780a3c,"In Alice's Wonderland, a secret set of transformation rules is applied to equations. Below are a few examples:
99]18 = 1782
59!45 = 105
43]50 = 2150
Now, determine the result for: 85!42",128
899e7ce8,"In Alice's Wonderland, a secret set of transformation rules is applied to equations. Below are a few examples:
38)66 = 9745
83/37 = 111
06/66 = 621
92)35 = 8351
52/35 = 87
Now, determine the result for: 33@23",1@
8a68d02a,"In Alice's Wonderland, numbers are secretly converted into a different numeral system. Some examples are given below:
61 -> LXI
23 -> XXIII
30 -> XXX
53 -> LIII
2 -> II
Now, write the number 89 in the Wonderland numeral system.",LXXXIX
8c06fb6f,"In Alice's Wonderland, a secret bit manipulation rule transforms 8-bit binary numbers. The transformation involves operations like bit shifts, rotations, XOR, AND, OR, NOT, and possibly majority or choice functions.

Here are some examples of input -> output:
01001000 -> 11011110
01100111 -> 11111011
01111110 -> 00011111
01110110 -> 00111111
00010111 -> 00100111
01101010 -> 01011110
01110000 -> 00111110

Now, determine the output for: 00110011",10111111
8d20d0ae,"In Alice's Wonderland, a secret bit manipulation rule transforms 8-bit binary numbers. The transformation involves operations like bit shifts, rotations, XOR, AND, OR, NOT, and possibly majority or choice functions.

Here are some examples of input -> output:
10100001 -> 01000101
01010111 -> 11000010
10010101 -> 01000100
10011010 -> 10000100
01000110 -> 10000010
00111101 -> 01000001
10011011 -> 11000100
10110011 -> 11000101
01011100 -> 00000010
00010000 -> 00000000

Now, determine the output for: 01000111",11000010
8d562562,"In Alice's Wonderland, secret encryption rules are used on text. Here are some examples:
esabmr nzzn kszanvsz -> dragon sees treasure
agfiz efnimhzsn tzx -> alice discovers key
kqz nziszk sawwfk iqanzn -> the secret rabbit chases
ufjase zlogmszn kqz nfghzs cao -> wizard explores the silver map
Now, decrypt the following text: kvskgz zlogmszn tzx",turtle explores key
8e6d01f1,"In Alice's Wonderland, a secret set of transformation rules is applied to equations. Below are a few examples:
']!^} = >>""
^^)^: = '?\>
^""-]? = ->{
Now, determine the result for: ^:!>""",{}
8edde270,"In Alice's Wonderland, a secret unit conversion is applied to measurements. For example:
43.31 m becomes 81.65
43.3 m becomes 81.63
23.21 m becomes 43.75
35.18 m becomes 66.32
42.08 m becomes 79.33
Now, convert the following measurement: 40.19 m",75.76
900babfc,"In Alice's Wonderland, the gravitational constant has been secretly changed. Here are some example observations:
For t = 2.66s, distance = 44.09 m
For t = 2.72s, distance = 46.11 m
For t = 2.87s, distance = 51.33 m
For t = 3.09s, distance = 59.5 m
Now, determine the falling distance for t = 2.68s given d = 0.5*g*t^2.",44.76
90e893ac,"In Alice's Wonderland, the gravitational constant has been secretly changed. Here are some example observations:
For t = 1.95s, distance = 15.31 m
For t = 3.2s, distance = 41.24 m
For t = 1.33s, distance = 7.12 m
Now, determine the falling distance for t = 2.09s given d = 0.5*g*t^2.",17.59
90f50354,"In Alice's Wonderland, a secret bit manipulation rule transforms 8-bit binary numbers. The transformation involves operations like bit shifts, rotations, XOR, AND, OR, NOT, and possibly majority or choice functions.

Here are some examples of input -> output:
10001100 -> 10001001
01010111 -> 00001101
10011011 -> 01010111
11100011 -> 10001110
01100111 -> 11010110
00001000 -> 11011011
01011010 -> 10111111
00011010 -> 10011011

Now, determine the output for: 11111001",11101011
91be6ad6,"In Alice's Wonderland, numbers are secretly converted into a different numeral system. Some examples are given below:
18 -> XVIII
48 -> XLVIII
96 -> XCVI
Now, write the number 31 in the Wonderland numeral system.",XXXI
92c58c9a,"In Alice's Wonderland, secret encryption rules are used on text. Here are some examples:
lpe netfel fhkkml neen -> the secret rabbit sees
nldyexl qhltpen thnloe -> student watches castle
lpe ruoyex lehtpef fehyn -> the golden teacher reads
Now, decrypt the following text: lpe pmyyex smxr yfhqn",the hidden king draws
93c9b36b,"In Alice's Wonderland, a secret set of transformation rules is applied to equations. Below are a few examples:
^%*[( = >)^)
&}->& = >[
(}-(% = ->
>^-/% = -(&
[(*^> = >}})
Now, determine the result for: )}+%)",>^[
93e6fcf8,"In Alice's Wonderland, numbers are secretly converted into a different numeral system. Some examples are given below:
20 -> XX
49 -> XLIX
77 -> LXXVII
89 -> LXXXIX
82 -> LXXXII
Now, write the number 13 in the Wonderland numeral system.",XIII
94c25c56,"In Alice's Wonderland, a secret bit manipulation rule transforms 8-bit binary numbers. The transformation involves operations like bit shifts, rotations, XOR, AND, OR, NOT, and possibly majority or choice functions.

Here are some examples of input -> output:
01001000 -> 11111111
01010010 -> 11111111
10101110 -> 11111110
11100101 -> 11111111
01000011 -> 11111111
10101101 -> 11111110
10010100 -> 11111110
10111000 -> 11111110

Now, determine the output for: 11011100",11111111
94e41495,"In Alice's Wonderland, a secret set of transformation rules is applied to equations. Below are a few examples:
$<+@< = ""}
$`+>^ = ^)
)>*$> = >$^@
}`-@< = ->^
`<+$} = @@
Now, determine the result for: |)->@",-|
95b2984b,"In Alice's Wonderland, a secret unit conversion is applied to measurements. For example:
21.35 m becomes 40.42
27.26 m becomes 51.61
14.72 m becomes 27.87
30.01 m becomes 56.81
Now, convert the following measurement: 9.49 m",17.97
99cc2e07,"In Alice's Wonderland, a secret set of transformation rules is applied to equations. Below are a few examples:
43^12 = 1243
06/67 = /61
63/47 = /83
Now, determine the result for: 22/15",/92
9ae663c3,"In Alice's Wonderland, a secret set of transformation rules is applied to equations. Below are a few examples:
:?+?] = >]
]}*># = ]}>#
]<-}\ = ->
}(+>@ = ?:?
Now, determine the result for: (#-?}",:
9bd287f6,"In Alice's Wonderland, a secret unit conversion is applied to measurements. For example:
26.88 m becomes 18.48
27.59 m becomes 18.97
26.46 m becomes 18.20
Now, convert the following measurement: 21.99 m",15.12
9bddd8d4,"In Alice's Wonderland, the gravitational constant has been secretly changed. Here are some example observations:
For t = 2.98s, distance = 83.24 m
For t = 4.71s, distance = 207.95 m
For t = 3.65s, distance = 124.88 m
For t = 1.95s, distance = 35.64 m
For t = 3.34s, distance = 104.57 m
Now, determine the falling distance for t = 1.96s given d = 0.5*g*t^2.",36.01
9ccbf65c,"In Alice's Wonderland, the gravitational constant has been secretly changed. Here are some example observations:
For t = 4.09s, distance = 142.96 m
For t = 1.7s, distance = 24.7 m
For t = 3.83s, distance = 125.36 m
For t = 3.68s, distance = 115.74 m
Now, determine the falling distance for t = 4.1s given d = 0.5*g*t^2.",143.66
9da4282a,"In Alice's Wonderland, the gravitational constant has been secretly changed. Here are some example observations:
For t = 3.52s, distance = 33.86 m
For t = 4.43s, distance = 53.63 m
For t = 2.94s, distance = 23.62 m
For t = 1.18s, distance = 3.81 m
For t = 3.59s, distance = 35.22 m
Now, determine the falling distance for t = 3.91s given d = 0.5*g*t^2.",41.78
9db72c8e,"In Alice's Wonderland, numbers are secretly converted into a different numeral system. Some examples are given below:
20 -> XX
77 -> LXXVII
97 -> XCVII
Now, write the number 9 in the Wonderland numeral system.",IX
9ddcb69d,"In Alice's Wonderland, the gravitational constant has been secretly changed. Here are some example observations:
For t = 4.1s, distance = 46.8 m
For t = 4.95s, distance = 68.22 m
For t = 2.64s, distance = 19.4 m
For t = 3.35s, distance = 31.25 m
Now, determine the falling distance for t = 2.08s given d = 0.5*g*t^2.",12.05
9eaae1f1,"In Alice's Wonderland, a secret set of transformation rules is applied to equations. Below are a few examples:
[[*// = [[//
&[-|' = -[{
|[+{[ = /\:
Now, determine the result for: [|-/[",/\
9f8fda8a,"In Alice's Wonderland, a secret set of transformation rules is applied to equations. Below are a few examples:
|[-\[ = -|'
\\)## = !<<
""|)""\ = !![
(""+(' = \""""'
(:+\# = \''|
Now, determine the result for: <\)!\",\#
a1523a63,"In Alice's Wonderland, a secret set of transformation rules is applied to equations. Below are a few examples:
77(78 = 01
03%18 = 011
05%08 = 921
Now, determine the result for: 66%31",87
a2f40fb4,"In Alice's Wonderland, secret encryption rules are used on text. Here are some examples:
cittu brthvf hwqkt aqrtfe -> queen dreams above forest
vqift sdhftf edt wrzjde ftsrte -> mouse chases the bright secret
vqift brhyf edt sqmqraim erthfirt -> mouse draws the colorful treasure
edt bhrn ethsdtr yhesdtf -> the dark teacher watches
edt jqmbtu hmzst bzfsqktrf -> the golden alice discovers
Now, decrypt the following text: yzghrb yhesdtf erthfirt",wizard watches treasure
a30599e8,"In Alice's Wonderland, numbers are secretly converted into a different numeral system. Some examples are given below:
9 -> IX
94 -> XCIV
23 -> XXIII
70 -> LXX
Now, write the number 6 in the Wonderland numeral system.",VI
a3ac7ad2,"In Alice's Wonderland, a secret unit conversion is applied to measurements. For example:
17.76 m becomes 11.32
42.06 m becomes 26.80
41.66 m becomes 26.55
Now, convert the following measurement: 37.89 m",24.15
a3c3be4d,"In Alice's Wonderland, secret encryption rules are used on text. Here are some examples:
kcigonc hmucok yow -> student writes key
mjppuc hmucok un vjeo -> rabbit writes in cave
cfo fuggon mjppuc kook -> the hidden rabbit sees
Now, decrypt the following text: gmjdrn hjcvfok nojm vjeo",dragon watches near cave
a774a68b,"In Alice's Wonderland, secret encryption rules are used on text. Here are some examples:
jra tceyvcg cgyva wpactm -> the magical alice dreams
jdpjga mjdwyam nacp thdnjcyn -> turtle studies near mountain
odaan mjdwyam cphdnw uhnwapgcnw -> queen studies around wonderland
Now, decrypt the following text: lnyerj mjdwyam jra mavpaj jpacmdpa",knight studies the secret treasure
a88572c6,"In Alice's Wonderland, numbers are secretly converted into a different numeral system. Some examples are given below:
85 -> LXXXV
83 -> LXXXIII
22 -> XXII
Now, write the number 2 in the Wonderland numeral system.",II
a88fbc44,"In Alice's Wonderland, numbers are secretly converted into a different numeral system. Some examples are given below:
32 -> XXXII
38 -> XXXVIII
88 -> LXXXVIII
83 -> LXXXIII
Now, write the number 88 in the Wonderland numeral system.",LXXXVIII
ac0af560,"In Alice's Wonderland, secret encryption rules are used on text. Here are some examples:
sdi vuhqius zque lyaayrg -> the ancient king follows
zuqeds tivfg xysqyu -> knight reads potion
zque giig gihtis -> king sees secret
sdi gstvuei zuqeds qnvequig -> the strange knight imagines
Now, decrypt the following text: mqtf lybuf fyyt",bird found door
ae494323,"In Alice's Wonderland, the gravitational constant has been secretly changed. Here are some example observations:
For t = 2.44s, distance = 31.11 m
For t = 3.0s, distance = 47.03 m
For t = 1.31s, distance = 8.97 m
For t = 4.97s, distance = 129.09 m
Now, determine the falling distance for t = 1.16s given d = 0.5*g*t^2.",7.03
af34964a,"In Alice's Wonderland, a secret set of transformation rules is applied to equations. Below are a few examples:
[(*') = ])&
:(-[: = ''
%&*&) = %"")&
/(*&( = /:'/
%(+:' = %(:'
Now, determine the result for: &]*](",]:[:
b13d511a,"In Alice's Wonderland, a secret set of transformation rules is applied to equations. Below are a few examples:
<[+&< = <[&<
)&*#) = ){}}
}{+{\ = }{{\
{\*#} = {@#{
{&*^< = )[<<
Now, determine the result for: \&+[[",\&[[
b35103bf,"In Alice's Wonderland, a secret unit conversion is applied to measurements. For example:
17.13 m becomes 9.47
30.86 m becomes 17.06
42.5 m becomes 23.49
30.05 m becomes 16.61
Now, convert the following measurement: 49.55 m",27.39
b414004c,"In Alice's Wonderland, a secret unit conversion is applied to measurements. For example:
45.1 m becomes 62.50
46.77 m becomes 64.81
19.02 m becomes 26.36
8.5 m becomes 11.78
Now, convert the following measurement: 49.26 m",68.26
b41c84e4,"In Alice's Wonderland, the gravitational constant has been secretly changed. Here are some example observations:
For t = 1.76s, distance = 25.07 m
For t = 3.43s, distance = 95.21 m
For t = 4.52s, distance = 165.33 m
Now, determine the falling distance for t = 1.79s given d = 0.5*g*t^2.",25.93
b62f2e75,"In Alice's Wonderland, a secret bit manipulation rule transforms 8-bit binary numbers. The transformation involves operations like bit shifts, rotations, XOR, AND, OR, NOT, and possibly majority or choice functions.

Here are some examples of input -> output:
00100010 -> 00001000
10011111 -> 00100111
10001011 -> 00100010
11111100 -> 00111111
00111010 -> 00001110
10111010 -> 00101110
11101010 -> 00111010

Now, determine the output for: 11111101",00111111
b647609f,"In Alice's Wonderland, secret encryption rules are used on text. Here are some examples:
vszqfb pizyey tzc -> dragon chases map
mezpies psezmey mie yepsem pzymhe -> teacher creates the secret castle
ymgvebm ymgvaey mie qfhveb psxymzh -> student studies the golden crystal
csabpeyy pizyey mie ymszbqe cgllhe -> princess chases the strange puzzle
mie tzqapzh vszqfb atzqabey -> the magical dragon imagines
Now, decrypt the following text: tfgye nsamey bezs qzsveb",mouse writes near garden
b75b5123,"In Alice's Wonderland, a secret bit manipulation rule transforms 8-bit binary numbers. The transformation involves operations like bit shifts, rotations, XOR, AND, OR, NOT, and possibly majority or choice functions.

Here are some examples of input -> output:
00011001 -> 10010011
00001111 -> 11110001
10101110 -> 11111111
00010100 -> 01000011
11011100 -> 11011111
01011010 -> 10101111
11000011 -> 00111100
10010000 -> 00011011
11011010 -> 10111111

Now, determine the output for: 00110111",01110111
b8496b92,"In Alice's Wonderland, numbers are secretly converted into a different numeral system. Some examples are given below:
3 -> III
25 -> XXV
1 -> I
33 -> XXXIII
15 -> XV
Now, write the number 50 in the Wonderland numeral system.",L
b85a9b97,"In Alice's Wonderland, secret encryption rules are used on text. Here are some examples:
csxxmy esxjcmb xcm cqaamr fmbbsgm -> hatter watches the hidden message
eqvsya nkookeb wramy bjckko -> wizard follows under school
soqjm miuokymb xymsbwym -> alice explores treasure
Now, decrypt the following text: pwmmr nkookeb rmsy qbosra",queen follows near island
b9fe8578,"In Alice's Wonderland, a secret unit conversion is applied to measurements. For example:
25.89 m becomes 48.04
44.79 m becomes 83.11
7.35 m becomes 13.64
Now, convert the following measurement: 32.16 m",59.68
bc0935ee,"In Alice's Wonderland, a secret set of transformation rules is applied to equations. Below are a few examples:
82|53 = 8253
26|41 = 2641
58@73 = @15
40!59 = 2359
Now, determine the result for: 57@82",@25
bc586060,"In Alice's Wonderland, the gravitational constant has been secretly changed. Here are some example observations:
For t = 1.64s, distance = 7.43 m
For t = 3.77s, distance = 39.29 m
For t = 2.62s, distance = 18.98 m
For t = 1.23s, distance = 4.18 m
Now, determine the falling distance for t = 4.38s given d = 0.5*g*t^2.",53.03
bd01bfeb,"In Alice's Wonderland, a secret set of transformation rules is applied to equations. Below are a few examples:
""#-""{ = '
'?*'& = ##?
?&-^& = -{:
Now, determine the result for: ""#-&&",&^
bdd2f990,"In Alice's Wonderland, the gravitational constant has been secretly changed. Here are some example observations:
For t = 4.72s, distance = 84.84 m
For t = 3.94s, distance = 59.12 m
For t = 3.63s, distance = 50.18 m
For t = 3.65s, distance = 50.73 m
Now, determine the falling distance for t = 2.47s given d = 0.5*g*t^2.",23.23
bfd2dc4c,"In Alice's Wonderland, the gravitational constant has been secretly changed. Here are some example observations:
For t = 1.74s, distance = 20.93 m
For t = 4.34s, distance = 130.23 m
For t = 4.52s, distance = 141.25 m
Now, determine the falling distance for t = 3.19s given d = 0.5*g*t^2.",70.36
bfdf8d36,"In Alice's Wonderland, the gravitational constant has been secretly changed. Here are some example observations:
For t = 1.72s, distance = 18.4 m
For t = 4.72s, distance = 138.54 m
For t = 4.63s, distance = 133.3 m
Now, determine the falling distance for t = 1.1s given d = 0.5*g*t^2.",7.52
bfee75d5,"In Alice's Wonderland, a secret bit manipulation rule transforms 8-bit binary numbers. The transformation involves operations like bit shifts, rotations, XOR, AND, OR, NOT, and possibly majority or choice functions.

Here are some examples of input -> output:
11010110 -> 10110101
00110111 -> 11001101
10011011 -> 11100110
10001001 -> 01100010
11110111 -> 11111101
00011101 -> 01000111
11111101 -> 01111111
00001110 -> 10000011
10110111 -> 11101101
01101111 -> 11011011

Now, determine the output for: 00001001",01000010
c1ffb3ac,"In Alice's Wonderland, secret encryption rules are used on text. Here are some examples:
kxbbgv mxvdhoc vhkrnfh wrkocv -> rabbit watches through forest
qgaf wrpprmc vho dnkgrnc egkkrk -> king follows the curious mirror
ukxfra cooc ga vrmok -> dragon sees in tower
vho hguuoa hxvvok ugcdrsokc -> the hidden hatter discovers
Now, decrypt the following text: ukxfra gexfgaoc brrq",dragon imagines book
c3a92731,"In Alice's Wonderland, numbers are secretly converted into a different numeral system. Some examples are given below:
29 -> XXIX
63 -> LXIII
74 -> LXXIV
85 -> LXXXV
Now, write the number 1 in the Wonderland numeral system.",I
c4ae8bd9,"In Alice's Wonderland, the gravitational constant has been secretly changed. Here are some example observations:
For t = 2.77s, distance = 50.87 m
For t = 3.93s, distance = 102.4 m
For t = 4.11s, distance = 111.99 m
For t = 2.15s, distance = 30.65 m
Now, determine the falling distance for t = 4.29s given d = 0.5*g*t^2.",122.02
c60481e7,"In Alice's Wonderland, a secret bit manipulation rule transforms 8-bit binary numbers. The transformation involves operations like bit shifts, rotations, XOR, AND, OR, NOT, and possibly majority or choice functions.

Here are some examples of input -> output:
10000111 -> 11100011
00011101 -> 01000111
01110100 -> 00011101
00001000 -> 00000010
00110110 -> 10001101
10001001 -> 01100010
00111011 -> 11001110
11011011 -> 11110111
11001111 -> 11110011

Now, determine the output for: 01100001",01011001
c6a5f3f8,"In Alice's Wonderland, the gravitational constant has been secretly changed. Here are some example observations:
For t = 3.11s, distance = 86.66 m
For t = 4.15s, distance = 154.31 m
For t = 4.56s, distance = 186.31 m
For t = 2.91s, distance = 75.87 m
Now, determine the falling distance for t = 4.23s given d = 0.5*g*t^2.",160.32
c78a5deb,"In Alice's Wonderland, a secret unit conversion is applied to measurements. For example:
34.19 m becomes 32.34
44.34 m becomes 41.94
17.73 m becomes 16.77
27.45 m becomes 25.96
Now, convert the following measurement: 49.67 m",46.98
c93fdc3a,"In Alice's Wonderland, secret encryption rules are used on text. Here are some examples:
tebbij qiiq drrj -> hatter sees door
kngytb mjgbiq ajcqbep -> knight writes crystal
kgny orwnd bti sjgytb orjiqb -> king found the bright forest
kngytb ajiebiq gnqgdi feppic -> knight creates inside valley
epgai djielq wndij xepeai -> alice dreams under palace
Now, decrypt the following text: kgny mebatiq drrj",king watches door
ca43107b,"In Alice's Wonderland, a secret set of transformation rules is applied to equations. Below are a few examples:
{?'#@ = [@!
{!*#[ = @?^(
?#*@[ = [?@%
Now, determine the result for: {^}^|",?
cc6a45f8,"In Alice's Wonderland, a secret unit conversion is applied to measurements. For example:
30.78 m becomes 38.88
27.27 m becomes 34.45
5.91 m becomes 7.47
33.27 m becomes 42.03
46.89 m becomes 59.23
Now, convert the following measurement: 22.12 m",27.94
cd581510,"In Alice's Wonderland, numbers are secretly converted into a different numeral system. Some examples are given below:
24 -> XXIV
60 -> LX
5 -> V
76 -> LXXVI
Now, write the number 13 in the Wonderland numeral system.",XIII
ce2f47a9,"In Alice's Wonderland, secret encryption rules are used on text. Here are some examples:
bjwle crotl ajrels -> mouse draws forest
seoiper ajxxjtl fhlfce jieoh -> teacher follows inside ocean
ios cflijgerl spe ohifehs qjjy -> cat discovers the ancient book
Now, decrypt the following text: vrfhiell ireosel bellone",princess creates message
cf356d18,"In Alice's Wonderland, a secret set of transformation rules is applied to equations. Below are a few examples:
55>52 = 3
73>14 = 59
38?78 = 115
10-76 = 760
59-45 = 2655
Now, determine the result for: 78>72",6
d0def878,"In Alice's Wonderland, the gravitational constant has been secretly changed. Here are some example observations:
For t = 1.92s, distance = 22.86 m
For t = 1.02s, distance = 6.45 m
For t = 3.24s, distance = 65.1 m
Now, determine the falling distance for t = 4.54s given d = 0.5*g*t^2.",127.82
d10efb1f,"In Alice's Wonderland, numbers are secretly converted into a different numeral system. Some examples are given below:
11 -> XI
67 -> LXVII
24 -> XXIV
60 -> LX
Now, write the number 20 in the Wonderland numeral system.",XX
d40b3aa3,"In Alice's Wonderland, a secret bit manipulation rule transforms 8-bit binary numbers. The transformation involves operations like bit shifts, rotations, XOR, AND, OR, NOT, and possibly majority or choice functions.

Here are some examples of input -> output:
11110100 -> 00000010
10000100 -> 00000010
00111001 -> 00000000
01000110 -> 00000001
11010000 -> 00000000
00111010 -> 00000000
00000010 -> 00000000

Now, determine the output for: 10101100",00000010
d42dc469,"In Alice's Wonderland, numbers are secretly converted into a different numeral system. Some examples are given below:
87 -> LXXXVII
11 -> XI
70 -> LXX
Now, write the number 40 in the Wonderland numeral system.",XL
d527f819,"In Alice's Wonderland, a secret unit conversion is applied to measurements. For example:
20.17 m becomes 13.62
39.12 m becomes 26.42
23.61 m becomes 15.95
46.56 m becomes 31.45
13.99 m becomes 9.45
Now, convert the following measurement: 41.76 m",28.21
d719f427,"In Alice's Wonderland, the gravitational constant has been secretly changed. Here are some example observations:
For t = 4.31s, distance = 169.58 m
For t = 2.13s, distance = 41.42 m
For t = 1.23s, distance = 13.81 m
For t = 2.07s, distance = 39.12 m
For t = 2.16s, distance = 42.59 m
Now, determine the falling distance for t = 4.49s given d = 0.5*g*t^2.",184.04
d7f56a8c,"In Alice's Wonderland, secret encryption rules are used on text. Here are some examples:
pummtr fnwqh mpt ctortm btj -> hatter found the secret key
mpt uqoitqm kigurh ivuaiqtc -> the ancient wizard imagines
oum hrtuvc mpt uqoitqm ynnb -> cat dreams the ancient book
Now, decrypt the following text: biqa fnwqh uynlt oucmst",king found above castle
d8b4a429,"In Alice's Wonderland, secret encryption rules are used on text. Here are some examples:
rys ibcs crtvsnr vbcxhgsoc -> the wise student discovers
yerrso vosepc ryohtjy bcwenv -> hatter dreams through island
voejhn ierxysc bncbvs jeovsn -> dragon watches inside garden
ibmeov voeic pek -> wizard draws map
Now, decrypt the following text: rys xwsgso oellbr voeic",the clever rabbit draws
d9bedb64,"In Alice's Wonderland, a secret set of transformation rules is applied to equations. Below are a few examples:
39(76 = 62
71^08 = 0631
21(98 = (77
28^15 = 2814
75*77 = 7775
Now, determine the result for: 04(14",(1
da616170,"In Alice's Wonderland, a secret bit manipulation rule transforms 8-bit binary numbers. The transformation involves operations like bit shifts, rotations, XOR, AND, OR, NOT, and possibly majority or choice functions.

Here are some examples of input -> output:
01110000 -> 00100011
10110011 -> 11011111
11100010 -> 11001111
00011100 -> 10001000
00111110 -> 10001001
00110101 -> 01100111
10100100 -> 01000111

Now, determine the output for: 11110100",00010111
dc1e89c9,"In Alice's Wonderland, a secret unit conversion is applied to measurements. For example:
38.74 m becomes 63.23
16.61 m becomes 27.11
7.77 m becomes 12.68
43.97 m becomes 71.77
Now, convert the following measurement: 18.43 m",30.08
dd7893f2,"In Alice's Wonderland, a secret unit conversion is applied to measurements. For example:
8.04 m becomes 8.27
20.89 m becomes 21.50
6.33 m becomes 6.51
11.88 m becomes 12.23
43.05 m becomes 44.30
Now, convert the following measurement: 9.25 m",9.52
dfd704f8,"In Alice's Wonderland, a secret bit manipulation rule transforms 8-bit binary numbers. The transformation involves operations like bit shifts, rotations, XOR, AND, OR, NOT, and possibly majority or choice functions.

Here are some examples of input -> output:
00001101 -> 00110010
01101011 -> 10011001
11010100 -> 00111010
10111010 -> 10110101
00010011 -> 01000101
11011010 -> 00000101
11101100 -> 11000110
11001110 -> 01011111

Now, determine the output for: 00111100",11101110
e100c796,"In Alice's Wonderland, the gravitational constant has been secretly changed. Here are some example observations:
For t = 1.57s, distance = 22.19 m
For t = 2.07s, distance = 38.58 m
For t = 3.01s, distance = 81.57 m
For t = 3.28s, distance = 96.86 m
Now, determine the falling distance for t = 1.05s given d = 0.5*g*t^2.",9.93
e212c6fd,"In Alice's Wonderland, a secret unit conversion is applied to measurements. For example:
20.33 m becomes 13.71
35.28 m becomes 23.80
49.46 m becomes 33.37
33.52 m becomes 22.61
30.19 m becomes 20.37
Now, convert the following measurement: 34.76 m",23.45
e4351236,"In Alice's Wonderland, secret encryption rules are used on text. Here are some examples:
vsttli mlepwhqve fwilwk -> rabbit discovers potion
jwbeq mvsre iuq jsolpsd ivqsebvq -> mouse draws the magical treasure
iuq pbvlwbe fvlkpqee cwddwre -> the curious princess follows
Now, decrypt the following text: jwbeq qzfdwvqe iuq rleq pvxeisd",mouse explores the wise crystal
e5e29014,"In Alice's Wonderland, a secret set of transformation rules is applied to equations. Below are a few examples:
^)*{! = :)>%
)|->) = ^{
>>*#{ = ##^^
Now, determine the result for: >)-|)",'%
e8361d47,"In Alice's Wonderland, secret encryption rules are used on text. Here are some examples:
skepcw mhebub fui -> dragon chases key
eoymu levmhub vhu gkyphv tykkck -> alice watches the bright mirror
bvxsuwv mhebub ywbysu bmhcco -> student chases inside school
fywp zcooclb vhu gkyphv scck -> king follows the bright door
vxkvou bvxsyub bumkuv -> turtle studies secret
Now, decrypt the following text: vhu hyssuw fywp lkyvub",the hidden king writes
e9634ab2,"In Alice's Wonderland, the gravitational constant has been secretly changed. Here are some example observations:
For t = 1.03s, distance = 2.6 m
For t = 1.86s, distance = 8.49 m
For t = 3.94s, distance = 38.12 m
For t = 3.69s, distance = 33.43 m
For t = 3.14s, distance = 24.21 m
Now, determine the falling distance for t = 4.6s given d = 0.5*g*t^2.",51.96
e97073be,"In Alice's Wonderland, numbers are secretly converted into a different numeral system. Some examples are given below:
35 -> XXXV
65 -> LXV
70 -> LXX
64 -> LXIV
Now, write the number 90 in the Wonderland numeral system.",XC
ea23402d,"In Alice's Wonderland, numbers are secretly converted into a different numeral system. Some examples are given below:
47 -> XLVII
41 -> XLI
40 -> XL
10 -> X
Now, write the number 68 in the Wonderland numeral system.",LXVIII
eaee053d,"In Alice's Wonderland, numbers are secretly converted into a different numeral system. Some examples are given below:
79 -> LXXIX
23 -> XXIII
10 -> X
94 -> XCIV
72 -> LXXII
Now, write the number 73 in the Wonderland numeral system.",LXXIII
ebbb5293,"In Alice's Wonderland, the gravitational constant has been secretly changed. Here are some example observations:
For t = 4.51s, distance = 193.2 m
For t = 4.99s, distance = 236.52 m
For t = 4.25s, distance = 171.57 m
For t = 4.64s, distance = 204.5 m
Now, determine the falling distance for t = 1.82s given d = 0.5*g*t^2.",31.46
ebc56423,"In Alice's Wonderland, a secret set of transformation rules is applied to equations. Below are a few examples:
`&-}[ = -[`
`[-%) = -((
(&-(% = ->:
Now, determine the result for: [[-)}",-(`
ecd328ef,"In Alice's Wonderland, a secret bit manipulation rule transforms 8-bit binary numbers. The transformation involves operations like bit shifts, rotations, XOR, AND, OR, NOT, and possibly majority or choice functions.

Here are some examples of input -> output:
11000011 -> 11111000
00100010 -> 10011000
00110100 -> 10101101
00101001 -> 01001010
01001110 -> 11110011
00010110 -> 10110101
11101010 -> 11111010
00100101 -> 01101001

Now, determine the output for: 11010000",10110100
edcb339f,"In Alice's Wonderland, numbers are secretly converted into a different numeral system. Some examples are given below:
81 -> LXXXI
77 -> LXXVII
57 -> LVII
Now, write the number 81 in the Wonderland numeral system.",LXXXI
edcee257,"In Alice's Wonderland, a secret unit conversion is applied to measurements. For example:
42.56 m becomes 77.06
8.49 m becomes 15.37
39.78 m becomes 72.03
Now, convert the following measurement: 19.17 m",34.71
eeda9bd9,"In Alice's Wonderland, a secret bit manipulation rule transforms 8-bit binary numbers. The transformation involves operations like bit shifts, rotations, XOR, AND, OR, NOT, and possibly majority or choice functions.

Here are some examples of input -> output:
01101101 -> 10110111
01000100 -> 00010010
10000000 -> 00000100
01101010 -> 10101011
11110010 -> 11001111
00011011 -> 01101100
10100010 -> 10001101
01011001 -> 01100110
10101011 -> 10101001
10011100 -> 01110100

Now, determine the output for: 01111110",11111011
efb39cd2,"In Alice's Wonderland, a secret bit manipulation rule transforms 8-bit binary numbers. The transformation involves operations like bit shifts, rotations, XOR, AND, OR, NOT, and possibly majority or choice functions.

Here are some examples of input -> output:
10000111 -> 01110000
11000111 -> 01111000
11100010 -> 01011100
01101011 -> 01101101
10101110 -> 11010101
01001010 -> 01001001
01100011 -> 01101100

Now, determine the output for: 11000100",10011000
f0c8102d,"In Alice's Wonderland, numbers are secretly converted into a different numeral system. Some examples are given below:
2 -> II
90 -> XC
44 -> XLIV
Now, write the number 43 in the Wonderland numeral system.",XLIII
f119f794,"In Alice's Wonderland, secret encryption rules are used on text. Here are some examples:
ymjudt mcjyl bdvqdt -> dragon reads potion
jeqzc lccl vfc gmqufv zjlvec -> alice sees the bright castle
atqufv zmcjvcl jmdxty kjeecs -> knight creates around valley
gqmy zfjlcl wclljuc -> bird chases message
hqojmy rdeedhl rdmclv -> wizard follows forest
Now, decrypt the following text: pxcct zfjlcl lczmcv",queen chases secret
f323ddca,"In Alice's Wonderland, the gravitational constant has been secretly changed. Here are some example observations:
For t = 1.94s, distance = 32.03 m
For t = 3.05s, distance = 79.16 m
For t = 4.95s, distance = 208.5 m
For t = 1.47s, distance = 18.39 m
Now, determine the falling distance for t = 4.89s given d = 0.5*g*t^2.",203.47
f40d88b6,"In Alice's Wonderland, a secret unit conversion is applied to measurements. For example:
40.3 m becomes 22.58
40.83 m becomes 22.88
27.66 m becomes 15.50
33.24 m becomes 18.63
Now, convert the following measurement: 20.75 m",11.63
f5032cba,"In Alice's Wonderland, numbers are secretly converted into a different numeral system. Some examples are given below:
14 -> XIV
75 -> LXXV
63 -> LXIII
Now, write the number 55 in the Wonderland numeral system.",LV
f5631f08,"In Alice's Wonderland, a secret unit conversion is applied to measurements. For example:
11.06 m becomes 21.94
40.2 m becomes 79.75
35.89 m becomes 71.20
Now, convert the following measurement: 31.21 m",61.92
f61f3d46,"In Alice's Wonderland, the gravitational constant has been secretly changed. Here are some example observations:
For t = 4.51s, distance = 53.57 m
For t = 4.89s, distance = 62.98 m
For t = 3.34s, distance = 29.38 m
Now, determine the falling distance for t = 4.9s given d = 0.5*g*t^2.",63.24
f6cdae94,"In Alice's Wonderland, secret encryption rules are used on text. Here are some examples:
gkjtphk zcmgpg kcwnjec bmqqpx -> student chases through valley
gkjtphk umkzcpg kcp smedzmq emwtph -> student watches the magical garden
kjwkqp tdgznbpwg ojrrqp -> turtle discovers puzzle
lhdeck fnjht kcp enqtph ojrrqp -> knight found the golden puzzle
Now, decrypt the following text: ajpph dsmedhpg gpzwpk",queen imagines secret
f819455a,"In Alice's Wonderland, secret encryption rules are used on text. Here are some examples:
txndgh ucbbctp irkcfh qxbbdmr -> wizard follows beyond village
jgxforpp ogrdwrp wegcvme wctrg -> princess creates through tower
wer ocbcguvb wrdoerg ucbbctp -> the colorful teacher follows
sfxmew ucbbctp yrppdmr -> knight follows message
wer ykpwrgxcvp pwvhrfw tdwoerp -> the mysterious student watches
Now, decrypt the following text: edwwrg ogrdwrp pwcgk",hatter creates story
f9215fe9,"In Alice's Wonderland, a secret unit conversion is applied to measurements. For example:
26.18 m becomes 48.72
28.11 m becomes 52.32
7.06 m becomes 13.14
Now, convert the following measurement: 48.74 m",90.71
f929abdc,"In Alice's Wonderland, numbers are secretly converted into a different numeral system. Some examples are given below:
33 -> XXXIII
46 -> XLVI
88 -> LXXXVIII
45 -> XLV
Now, write the number 94 in the Wonderland numeral system.",XCIV
fa2026b7,"In Alice's Wonderland, the gravitational constant has been secretly changed. Here are some example observations:
For t = 3.67s, distance = 68.91 m
For t = 4.07s, distance = 84.75 m
For t = 3.5s, distance = 62.67 m
Now, determine the falling distance for t = 4.85s given d = 0.5*g*t^2.",120.35
fad59444,"In Alice's Wonderland, a secret unit conversion is applied to measurements. For example:
20.43 m becomes 38.31
46.61 m becomes 87.40
15.72 m becomes 29.48
37.76 m becomes 70.80
Now, convert the following measurement: 19.76 m",37.05
fbd58e38,"In Alice's Wonderland, secret encryption rules are used on text. Here are some examples:
qizx jhtwlmje ejnmjv -> king explores secret
rlgej ykvnuje vuj fmixuv qja -> mouse watches the bright key
rlgej omkye kmlgzo nkpj -> mouse draws around cave
Now, decrypt the following text: fimo omkye zjkm xkmojz",bird draws near garden
fcc6dff6,"In Alice's Wonderland, a secret bit manipulation rule transforms 8-bit binary numbers. The transformation involves operations like bit shifts, rotations, XOR, AND, OR, NOT, and possibly majority or choice functions.

Here are some examples of input -> output:
01100010 -> 00111011
01100111 -> 10111001
10100011 -> 00111000
00010100 -> 11010111
00101000 -> 10101111
10110010 -> 10111110
11001010 -> 01111010
10010111 -> 01110101
00000110 -> 11110011

Now, determine the output for: 11101010",00111010
ff937315,"In Alice's Wonderland, secret encryption rules are used on text. Here are some examples:
vmlvgc qtjncn vtc qgcdcl kzzl -> turtle chases the clever door
vtc ncqlcv wrlk qtjncn -> the secret bird chases
vtc qgcdcl erfb xzggzin -> the clever king follows
tjvvcl cougzlcn hrllzl -> hatter explores mirror
efrbtv ilrvcn vtc qmlrzmn hju -> knight writes the curious map
Now, decrypt the following text: vmlvgc lcjkn uzvrzf",turtle reads potion
